Country;Variable;Indicator;Year;Value
Afghanistan;"sptinc_p99p100_z_AF
Pre-tax national income 
Top 1% | share
";p99p100;2021;0.1622
Afghanistan;"shweal_p99p100_z_AF
Net personal wealth
Top 1% | share | adults | equal split
";p99p100;2021;0.2477
Africa;"sptinc_p99p100_z_QB
Pre-tax national income 
Top 1% | share
";p99p100;2021;0.1945
Africa;"shweal_p99p100_z_QB
Net personal wealth
Top 1% | share | adults | equal split
";p99p100;2021;0.3614
Africa (at market exchange rate);"sptinc_p99p100_z_QB-MER
Pre-tax national income 
Top 1% | share
";p99p100;2021;0.3793
Africa (at market exchange rate);"shweal_p99p100_z_QB-MER
Net personal wealth
Top 1% | share | adults | equal split
";p99p100;2021;0.452
Albania;"sptinc_p99p100_z_AL
Pre-tax national income 
Top 1% | share
";p99p100;2021;0.0924
Albania;"shweal_p99p100_z_AL
Net personal wealth
Top 1% | share | adults | equal split
";p99p100;2021;0.2267
Algeria;"sptinc_p99p100_z_DZ
Pre-tax national income 
Top 1% | share
";p99p100;2021;0.0991
Algeria;"shweal_p99p100_z_DZ
Net personal wealth
Top 1% | share | adults | equal split
";p99p100;2021;0.2506
Angola;"sptinc_p99p100_z_AO
Pre-tax national income 
Top 1% | share
";p99p100;2021;0.2598
Angola;"shweal_p99p100_z_AO
Net personal wealth
Top 1% | share | adults | equal split
";p99p100;2021;0.4471
Argentina;"sptinc_p99p100_z_AR
Pre-tax national income 
Top 1% | share
";p99p100;2021;0.1514
Argentina;"shweal_p99p100_z_AR
Net personal wealth
Top 1% | share | adults | equal split
";p99p100;2021;0.2565
Armenia;"sptinc_p99p100_z_AM
Pre-tax national income 
Top 1% | share
";p99p100;2021;0.1897
Armenia;"shweal_p99p100_z_AM
Net personal wealth
Top 1% | share | adults | equal split
";p99p100;2021;0.2286
Asia;"sptinc_p99p100_z_QD
Pre-tax national income 
Top 1% | share
";p99p100;2021;0.1928
Asia;"shweal_p99p100_z_QD
Net personal wealth
Top 1% | share | adults | equal split
";p99p100;2021;0.3695
Asia (at market exchange rate);"sptinc_p99p100_z_QD-MER
Pre-tax national income 
Top 1% | share
";p99p100;2021;0.2141
Asia (at market exchange rate);"shweal_p99p100_z_QD-MER
Net personal wealth
Top 1% | share | adults | equal split
";p99p100;2021;0.4002
Asia (excl. Middle East);"sptinc_p99p100_z_XA
Pre-tax national income 
Top 1% | share
";p99p100;2021;0.1813
Asia (excl. Middle East);"shweal_p99p100_z_XA
Net personal wealth
Top 1% | share | adults | equal split
";p99p100;2021;0.3601
Asia (excl. Middle East) (at market exchange rate);"sptinc_p99p100_z_XA-MER
Pre-tax national income 
Top 1% | share
";p99p100;2021;0.2031
Asia (excl. Middle East) (at market exchange rate);"shweal_p99p100_z_XA-MER
Net personal wealth
Top 1% | share | adults | equal split
";p99p100;2021;0.3882
Australia;"sptinc_p99p100_z_AU
Pre-tax national income 
Top 1% | share
";p99p100;2021;0.0992
Australia;"shweal_p99p100_z_AU
Net personal wealth
Top 1% | share | adults | equal split
";p99p100;2021;0.2389
Austria;"sptinc_p99p100_z_AT
Pre-tax national income 
Top 1% | share
";p99p100;2021;0.1074
Austria;"shweal_p99p100_z_AT
Net personal wealth
Top 1% | share | adults | equal split
";p99p100;2021;0.3061
Azerbaijan;"sptinc_p99p100_z_AZ
Pre-tax national income 
Top 1% | share
";p99p100;2021;0.1589
Azerbaijan;"shweal_p99p100_z_AZ
Net personal wealth
Top 1% | share | adults | equal split
";p99p100;2021;0.2287
Bahamas;"sptinc_p99p100_z_BS
Pre-tax national income 
Top 1% | share
";p99p100;2021;0.1962
Bahamas;"shweal_p99p100_z_BS
Net personal wealth
Top 1% | share | adults | equal split
";p99p100;2021;0.2802
Bahrain;"sptinc_p99p100_z_BH
Pre-tax national income 
Top 1% | share
";p99p100;2021;0.2434
Bahrain;"shweal_p99p100_z_BH
Net personal wealth
Top 1% | share | adults | equal split
";p99p100;2021;0.3376
Bangladesh;"sptinc_p99p100_z_BD
Pre-tax national income 
Top 1% | share
";p99p100;2021;0.1164
Bangladesh;"shweal_p99p100_z_BD
Net personal wealth
Top 1% | share | adults | equal split
";p99p100;2021;0.2463
Belarus;"sptinc_p99p100_z_BY
Pre-tax national income 
Top 1% | share
";p99p100;2021;0.0866
Belarus;"shweal_p99p100_z_BY
Net personal wealth
Top 1% | share | adults | equal split
";p99p100;2021;
Belgium;"sptinc_p99p100_z_BE
Pre-tax national income 
Top 1% | share
";p99p100;2021;0.0856
Belgium;"shweal_p99p100_z_BE
Net personal wealth
Top 1% | share | adults | equal split
";p99p100;2021;0.1497
Belize;"sptinc_p99p100_z_BZ
Pre-tax national income 
Top 1% | share
";p99p100;2021;0.1962
Belize;"shweal_p99p100_z_BZ
Net personal wealth
Top 1% | share | adults | equal split
";p99p100;2021;0.2804
Benin;"sptinc_p99p100_z_BJ
Pre-tax national income 
Top 1% | share
";p99p100;2021;0.1403
Benin;"shweal_p99p100_z_BJ
Net personal wealth
Top 1% | share | adults | equal split
";p99p100;2021;0.4098
Bhutan;"sptinc_p99p100_z_BT
Pre-tax national income 
Top 1% | share
";p99p100;2021;0.1808
Bhutan;"shweal_p99p100_z_BT
Net personal wealth
Top 1% | share | adults | equal split
";p99p100;2021;0.2461
Bolivia;"sptinc_p99p100_z_BO
Pre-tax national income 
Top 1% | share
";p99p100;2021;0.1962
Bolivia;"shweal_p99p100_z_BO
Net personal wealth
Top 1% | share | adults | equal split
";p99p100;2021;0.2792
Bosnia and Herzegovina;"sptinc_p99p100_z_BA
Pre-tax national income 
Top 1% | share
";p99p100;2021;0.0944
Bosnia and Herzegovina;"shweal_p99p100_z_BA
Net personal wealth
Top 1% | share | adults | equal split
";p99p100;2021;0.2238
Botswana;"sptinc_p99p100_z_BW
Pre-tax national income 
Top 1% | share
";p99p100;2021;0.2274
Botswana;"shweal_p99p100_z_BW
Net personal wealth
Top 1% | share | adults | equal split
";p99p100;2021;0.4559
Brazil;"sptinc_p99p100_z_BR
Pre-tax national income 
Top 1% | share
";p99p100;2021;0.2223
Brazil;"shweal_p99p100_z_BR
Net personal wealth
Top 1% | share | adults | equal split
";p99p100;2021;0.4869
Brunei Darussalam;"sptinc_p99p100_z_BN
Pre-tax national income 
Top 1% | share
";p99p100;2021;0.1244
Brunei Darussalam;"shweal_p99p100_z_BN
Net personal wealth
Top 1% | share | adults | equal split
";p99p100;2021;0.2389
Bulgaria;"sptinc_p99p100_z_BG
Pre-tax national income 
Top 1% | share
";p99p100;2021;0.1657
Bulgaria;"shweal_p99p100_z_BG
Net personal wealth
Top 1% | share | adults | equal split
";p99p100;2021;0.2486
Burkina Faso;"sptinc_p99p100_z_BF
Pre-tax national income 
Top 1% | share
";p99p100;2021;0.1556
Burkina Faso;"shweal_p99p100_z_BF
Net personal wealth
Top 1% | share | adults | equal split
";p99p100;2021;0.2678
Burundi;"sptinc_p99p100_z_BI
Pre-tax national income 
Top 1% | share
";p99p100;2021;0.1474
Burundi;"shweal_p99p100_z_BI
Net personal wealth
Top 1% | share | adults | equal split
";p99p100;2021;0.2783
Cabo Verde;"sptinc_p99p100_z_CV
Pre-tax national income 
Top 1% | share
";p99p100;2021;0.1391
Cabo Verde;"shweal_p99p100_z_CV
Net personal wealth
Top 1% | share | adults | equal split
";p99p100;2021;0.2931
Cambodia;"sptinc_p99p100_z_KH
Pre-tax national income 
Top 1% | share
";p99p100;2021;0.2679
Cambodia;"shweal_p99p100_z_KH
Net personal wealth
Top 1% | share | adults | equal split
";p99p100;2021;0.2568
Cameroon;"sptinc_p99p100_z_CM
Pre-tax national income 
Top 1% | share
";p99p100;2021;0.1585
Cameroon;"shweal_p99p100_z_CM
Net personal wealth
Top 1% | share | adults | equal split
";p99p100;2021;0.3527
Canada;"sptinc_p99p100_z_CA
Pre-tax national income 
Top 1% | share
";p99p100;2021;0.1391
Canada;"shweal_p99p100_z_CA
Net personal wealth
Top 1% | share | adults | equal split
";p99p100;2021;0.2492
Central African Republic;"sptinc_p99p100_z_CF
Pre-tax national income 
Top 1% | share
";p99p100;2021;0.31
Central African Republic;"shweal_p99p100_z_CF
Net personal wealth
Top 1% | share | adults | equal split
";p99p100;2021;0.475
Central Asia;"sptinc_p99p100_z_QJ
Pre-tax national income 
Top 1% | share
";p99p100;2021;0.181
Central Asia;"shweal_p99p100_z_QJ
Net personal wealth
Top 1% | share | adults | equal split
";p99p100;2021;0.2812
Central Asia (at market exchange rate);"sptinc_p99p100_z_QJ-MER
Pre-tax national income 
Top 1% | share
";p99p100;2021;0.1986
Central Asia (at market exchange rate);"shweal_p99p100_z_QJ-MER
Net personal wealth
Top 1% | share | adults | equal split
";p99p100;2021;0.3024
Chad;"sptinc_p99p100_z_TD
Pre-tax national income 
Top 1% | share
";p99p100;2021;0.1377
Chad;"shweal_p99p100_z_TD
Net personal wealth
Top 1% | share | adults | equal split
";p99p100;2021;0.2976
Chile;"sptinc_p99p100_z_CL
Pre-tax national income 
Top 1% | share
";p99p100;2021;0.2287
Chile;"shweal_p99p100_z_CL
Net personal wealth
Top 1% | share | adults | equal split
";p99p100;2021;0.4938
China;"sptinc_p99p100_z_CN
Pre-tax national income 
Top 1% | share
";p99p100;2021;0.1572
China;"shweal_p99p100_z_CN
Net personal wealth
Top 1% | share | adults | equal split
";p99p100;2021;0.3263
Colombia;"sptinc_p99p100_z_CO
Pre-tax national income 
Top 1% | share
";p99p100;2021;0.1778
Colombia;"shweal_p99p100_z_CO
Net personal wealth
Top 1% | share | adults | equal split
";p99p100;2021;0.3344
Comoros;"sptinc_p99p100_z_KM
Pre-tax national income 
Top 1% | share
";p99p100;2021;0.1415
Comoros;"shweal_p99p100_z_KM
Net personal wealth
Top 1% | share | adults | equal split
";p99p100;2021;0.3153
Congo;"sptinc_p99p100_z_CG
Pre-tax national income 
Top 1% | share
";p99p100;2021;0.2052
Congo;"shweal_p99p100_z_CG
Net personal wealth
Top 1% | share | adults | equal split
";p99p100;2021;0.4251
Costa Rica;"sptinc_p99p100_z_CR
Pre-tax national income 
Top 1% | share
";p99p100;2021;0.1772
Costa Rica;"shweal_p99p100_z_CR
Net personal wealth
Top 1% | share | adults | equal split
";p99p100;2021;0.353
Cote d’Ivoire;"sptinc_p99p100_z_CI
Pre-tax national income 
Top 1% | share
";p99p100;2021;0.2103
Cote d’Ivoire;"shweal_p99p100_z_CI
Net personal wealth
Top 1% | share | adults | equal split
";p99p100;2021;0.283
Croatia;"sptinc_p99p100_z_HR
Pre-tax national income 
Top 1% | share
";p99p100;2021;0.0934
Croatia;"shweal_p99p100_z_HR
Net personal wealth
Top 1% | share | adults | equal split
";p99p100;2021;0.2233
Cuba;"sptinc_p99p100_z_CU
Pre-tax national income 
Top 1% | share
";p99p100;2021;0.1513
Cuba;"shweal_p99p100_z_CU
Net personal wealth
Top 1% | share | adults | equal split
";p99p100;2021;0.2376
Cyprus;"sptinc_p99p100_z_CY
Pre-tax national income 
Top 1% | share
";p99p100;2021;0.089
Cyprus;"shweal_p99p100_z_CY
Net personal wealth
Top 1% | share | adults | equal split
";p99p100;2021;0.3213
Czech Republic;"sptinc_p99p100_z_CZ
Pre-tax national income 
Top 1% | share
";p99p100;2021;0.1061
Czech Republic;"shweal_p99p100_z_CZ
Net personal wealth
Top 1% | share | adults | equal split
";p99p100;2021;0.2698
DR Congo;"sptinc_p99p100_z_CD
Pre-tax national income 
Top 1% | share
";p99p100;2021;0.1463
DR Congo;"shweal_p99p100_z_CD
Net personal wealth
Top 1% | share | adults | equal split
";p99p100;2021;0.2865
Denmark;"sptinc_p99p100_z_DK
Pre-tax national income 
Top 1% | share
";p99p100;2021;0.1341
Denmark;"shweal_p99p100_z_DK
Net personal wealth
Top 1% | share | adults | equal split
";p99p100;2021;0.2164
Djibouti;"sptinc_p99p100_z_DJ
Pre-tax national income 
Top 1% | share
";p99p100;2021;0.1586
Djibouti;"shweal_p99p100_z_DJ
Net personal wealth
Top 1% | share | adults | equal split
";p99p100;2021;0.3045
Dominican Republic;"sptinc_p99p100_z_DO
Pre-tax national income 
Top 1% | share
";p99p100;2021;0.2861
Dominican Republic;"shweal_p99p100_z_DO
Net personal wealth
Top 1% | share | adults | equal split
";p99p100;2021;0.2806
East Africa;"sptinc_p99p100_z_QK
Pre-tax national income 
Top 1% | share
";p99p100;2021;0.185
East Africa;"shweal_p99p100_z_QK
Net personal wealth
Top 1% | share | adults | equal split
";p99p100;2021;0.3372
East Africa (at market exchange rate);"sptinc_p99p100_z_QK-MER
Pre-tax national income 
Top 1% | share
";p99p100;2021;0.5323
East Africa (at market exchange rate);"shweal_p99p100_z_QK-MER
Net personal wealth
Top 1% | share | adults | equal split
";p99p100;2021;0.5657
East Asia;"sptinc_p99p100_z_QL
Pre-tax national income 
Top 1% | share
";p99p100;2021;0.1661
East Asia;"shweal_p99p100_z_QL
Net personal wealth
Top 1% | share | adults | equal split
";p99p100;2021;0.3179
East Asia (at market exchange rate);"sptinc_p99p100_z_QL-MER
Pre-tax national income 
Top 1% | share
";p99p100;2021;0.1714
East Asia (at market exchange rate);"shweal_p99p100_z_QL-MER
Net personal wealth
Top 1% | share | adults | equal split
";p99p100;2021;0.3293
Eastern Europe;"sptinc_p99p100_z_QM
Pre-tax national income 
Top 1% | share
";p99p100;2021;0.1369
Eastern Europe;"shweal_p99p100_z_QM
Net personal wealth
Top 1% | share | adults | equal split
";p99p100;2021;0.2822
Eastern Europe (at market exchange rate);"sptinc_p99p100_z_QM-MER
Pre-tax national income 
Top 1% | share
";p99p100;2021;0.1364
Eastern Europe (at market exchange rate);"shweal_p99p100_z_QM-MER
Net personal wealth
Top 1% | share | adults | equal split
";p99p100;2021;0.2883
Ecuador;"sptinc_p99p100_z_EC
Pre-tax national income 
Top 1% | share
";p99p100;2021;0.1694
Ecuador;"shweal_p99p100_z_EC
Net personal wealth
Top 1% | share | adults | equal split
";p99p100;2021;0.234
Egypt;"sptinc_p99p100_z_EG
Pre-tax national income 
Top 1% | share
";p99p100;2021;0.1808
Egypt;"shweal_p99p100_z_EG
Net personal wealth
Top 1% | share | adults | equal split
";p99p100;2021;0.3182
El Salvador;"sptinc_p99p100_z_SV
Pre-tax national income 
Top 1% | share
";p99p100;2021;0.1367
El Salvador;"shweal_p99p100_z_SV
Net personal wealth
Top 1% | share | adults | equal split
";p99p100;2021;0.2467
Equatorial Guinea;"sptinc_p99p100_z_GQ
Pre-tax national income 
Top 1% | share
";p99p100;2021;0.1737
Equatorial Guinea;"shweal_p99p100_z_GQ
Net personal wealth
Top 1% | share | adults | equal split
";p99p100;2021;0.3436
Eritrea;"sptinc_p99p100_z_ER
Pre-tax national income 
Top 1% | share
";p99p100;2021;0.1382
Eritrea;"shweal_p99p100_z_ER
Net personal wealth
Top 1% | share | adults | equal split
";p99p100;2021;0.2578
Estonia;"sptinc_p99p100_z_EE
Pre-tax national income 
Top 1% | share
";p99p100;2021;0.1625
Estonia;"shweal_p99p100_z_EE
Net personal wealth
Top 1% | share | adults | equal split
";p99p100;2021;0.3269
Ethiopia;"sptinc_p99p100_z_ET
Pre-tax national income 
Top 1% | share
";p99p100;2021;0.1382
Ethiopia;"shweal_p99p100_z_ET
Net personal wealth
Top 1% | share | adults | equal split
";p99p100;2021;0.258
Europe;"sptinc_p99p100_z_QE
Pre-tax national income 
Top 1% | share
";p99p100;2021;0.12
Europe;"shweal_p99p100_z_QE
Net personal wealth
Top 1% | share | adults | equal split
";p99p100;2021;0.2603
Europe (at market exchange rate);"sptinc_p99p100_z_QE-MER
Pre-tax national income 
Top 1% | share
";p99p100;2021;0.1244
Europe (at market exchange rate);"shweal_p99p100_z_QE-MER
Net personal wealth
Top 1% | share | adults | equal split
";p99p100;2021;0.2688
European Union;"sptinc_p99p100_z_QY
Pre-tax national income 
Top 1% | share
";p99p100;2021;0.1196
European Union;"shweal_p99p100_z_QY
Net personal wealth
Top 1% | share | adults | equal split
";p99p100;2021;0.2557
European Union (at market exchange rate);"sptinc_p99p100_z_QY-MER
Pre-tax national income 
Top 1% | share
";p99p100;2021;0.1237
European Union (at market exchange rate);"shweal_p99p100_z_QY-MER
Net personal wealth
Top 1% | share | adults | equal split
";p99p100;2021;0.2642
Finland;"sptinc_p99p100_z_FI
Pre-tax national income 
Top 1% | share
";p99p100;2021;0.1181
Finland;"shweal_p99p100_z_FI
Net personal wealth
Top 1% | share | adults | equal split
";p99p100;2021;0.1855
France;"sptinc_p99p100_z_FR
Pre-tax national income 
Top 1% | share
";p99p100;2021;0.0895
France;"shweal_p99p100_z_FR
Net personal wealth
Top 1% | share | adults | equal split
";p99p100;2021;0.2677
Gabon;"sptinc_p99p100_z_GA
Pre-tax national income 
Top 1% | share
";p99p100;2021;0.1102
Gabon;"shweal_p99p100_z_GA
Net personal wealth
Top 1% | share | adults | equal split
";p99p100;2021;0.2489
Gambia;"sptinc_p99p100_z_GM
Pre-tax national income 
Top 1% | share
";p99p100;2021;0.1361
Gambia;"shweal_p99p100_z_GM
Net personal wealth
Top 1% | share | adults | equal split
";p99p100;2021;0.2604
Georgia;"sptinc_p99p100_z_GE
Pre-tax national income 
Top 1% | share
";p99p100;2021;0.1853
Georgia;"shweal_p99p100_z_GE
Net personal wealth
Top 1% | share | adults | equal split
";p99p100;2021;0.2846
Germany;"sptinc_p99p100_z_DE
Pre-tax national income 
Top 1% | share
";p99p100;2021;0.1332
Germany;"shweal_p99p100_z_DE
Net personal wealth
Top 1% | share | adults | equal split
";p99p100;2021;0.2863
Ghana;"sptinc_p99p100_z_GH
Pre-tax national income 
Top 1% | share
";p99p100;2021;0.1523
Ghana;"shweal_p99p100_z_GH
Net personal wealth
Top 1% | share | adults | equal split
";p99p100;2021;0.2875
Greece;"sptinc_p99p100_z_GR
Pre-tax national income 
Top 1% | share
";p99p100;2021;0.1001
Greece;"shweal_p99p100_z_GR
Net personal wealth
Top 1% | share | adults | equal split
";p99p100;2021;0.2392
Guatemala;"sptinc_p99p100_z_GT
Pre-tax national income 
Top 1% | share
";p99p100;2021;0.1962
Guatemala;"shweal_p99p100_z_GT
Net personal wealth
Top 1% | share | adults | equal split
";p99p100;2021;0.2808
Guinea;"sptinc_p99p100_z_GN
Pre-tax national income 
Top 1% | share
";p99p100;2021;0.0863
Guinea;"shweal_p99p100_z_GN
Net personal wealth
Top 1% | share | adults | equal split
";p99p100;2021;0.2457
Guinea-Bissau;"sptinc_p99p100_z_GW
Pre-tax national income 
Top 1% | share
";p99p100;2021;0.1196
Guinea-Bissau;"shweal_p99p100_z_GW
Net personal wealth
Top 1% | share | adults | equal split
";p99p100;2021;0.4607
Guyana;"sptinc_p99p100_z_GY
Pre-tax national income 
Top 1% | share
";p99p100;2021;0.1962
Guyana;"shweal_p99p100_z_GY
Net personal wealth
Top 1% | share | adults | equal split
";p99p100;2021;0.2793
Haiti;"sptinc_p99p100_z_HT
Pre-tax national income 
Top 1% | share
";p99p100;2021;0.1962
Haiti;"shweal_p99p100_z_HT
Net personal wealth
Top 1% | share | adults | equal split
";p99p100;2021;0.281
Honduras;"sptinc_p99p100_z_HN
Pre-tax national income 
Top 1% | share
";p99p100;2021;0.1962
Honduras;"shweal_p99p100_z_HN
Net personal wealth
Top 1% | share | adults | equal split
";p99p100;2021;0.2794
Hong Kong;"sptinc_p99p100_z_HK
Pre-tax national income 
Top 1% | share
";p99p100;2021;0.1785
Hong Kong;"shweal_p99p100_z_HK
Net personal wealth
Top 1% | share | adults | equal split
";p99p100;2021;0.3474
Hungary;"sptinc_p99p100_z_HU
Pre-tax national income 
Top 1% | share
";p99p100;2021;0.1112
Hungary;"shweal_p99p100_z_HU
Net personal wealth
Top 1% | share | adults | equal split
";p99p100;2021;0.3346
Iceland;"sptinc_p99p100_z_IS
Pre-tax national income 
Top 1% | share
";p99p100;2021;0.0932
Iceland;"shweal_p99p100_z_IS
Net personal wealth
Top 1% | share | adults | equal split
";p99p100;2021;0.2382
India;"sptinc_p99p100_z_IN
Pre-tax national income 
Top 1% | share
";p99p100;2021;0.2173
India;"shweal_p99p100_z_IN
Net personal wealth
Top 1% | share | adults | equal split
";p99p100;2021;0.3269
Indonesia;"sptinc_p99p100_z_ID
Pre-tax national income 
Top 1% | share
";p99p100;2021;0.1479
Indonesia;"shweal_p99p100_z_ID
Net personal wealth
Top 1% | share | adults | equal split
";p99p100;2021;0.2962
Iran;"sptinc_p99p100_z_IR
Pre-tax national income 
Top 1% | share
";p99p100;2021;0.1807
Iran;"shweal_p99p100_z_IR
Net personal wealth
Top 1% | share | adults | equal split
";p99p100;2021;0.2849
Iraq;"sptinc_p99p100_z_IQ
Pre-tax national income 
Top 1% | share
";p99p100;2021;0.2013
Iraq;"shweal_p99p100_z_IQ
Net personal wealth
Top 1% | share | adults | equal split
";p99p100;2021;0.3917
Ireland;"sptinc_p99p100_z_IE
Pre-tax national income 
Top 1% | share
";p99p100;2021;0.1216
Ireland;"shweal_p99p100_z_IE
Net personal wealth
Top 1% | share | adults | equal split
";p99p100;2021;0.2305
Israel;"sptinc_p99p100_z_IL
Pre-tax national income 
Top 1% | share
";p99p100;2021;0.1604
Israel;"shweal_p99p100_z_IL
Net personal wealth
Top 1% | share | adults | equal split
";p99p100;2021;0.3211
Italy;"sptinc_p99p100_z_IT
Pre-tax national income 
Top 1% | share
";p99p100;2021;0.1217
Italy;"shweal_p99p100_z_IT
Net personal wealth
Top 1% | share | adults | equal split
";p99p100;2021;0.2209
Jamaica;"sptinc_p99p100_z_JM
Pre-tax national income 
Top 1% | share
";p99p100;2021;0.1962
Jamaica;"shweal_p99p100_z_JM
Net personal wealth
Top 1% | share | adults | equal split
";p99p100;2021;0.2811
Japan;"sptinc_p99p100_z_JP
Pre-tax national income 
Top 1% | share
";p99p100;2021;0.1286
Japan;"shweal_p99p100_z_JP
Net personal wealth
Top 1% | share | adults | equal split
";p99p100;2021;0.248
Jordan;"sptinc_p99p100_z_JO
Pre-tax national income 
Top 1% | share
";p99p100;2021;0.1705
Jordan;"shweal_p99p100_z_JO
Net personal wealth
Top 1% | share | adults | equal split
";p99p100;2021;0.2749
Kazakhstan;"sptinc_p99p100_z_KZ
Pre-tax national income 
Top 1% | share
";p99p100;2021;0.1064
Kazakhstan;"shweal_p99p100_z_KZ
Net personal wealth
Top 1% | share | adults | equal split
";p99p100;2021;0.2923
Kenya;"sptinc_p99p100_z_KE
Pre-tax national income 
Top 1% | share
";p99p100;2021;0.1519
Kenya;"shweal_p99p100_z_KE
Net personal wealth
Top 1% | share | adults | equal split
";p99p100;2021;0.2842
Korea;"sptinc_p99p100_z_KR
Pre-tax national income 
Top 1% | share
";p99p100;2021;0.117
Korea;"shweal_p99p100_z_KR
Net personal wealth
Top 1% | share | adults | equal split
";p99p100;2021;0.257
Kosovo;"sptinc_p99p100_z_KS
Pre-tax national income 
Top 1% | share
";p99p100;2021;0.0913
Kosovo;"shweal_p99p100_z_KS
Net personal wealth
Top 1% | share | adults | equal split
";p99p100;2021;
Kuwait;"sptinc_p99p100_z_KW
Pre-tax national income 
Top 1% | share
";p99p100;2021;0.1896
Kuwait;"shweal_p99p100_z_KW
Net personal wealth
Top 1% | share | adults | equal split
";p99p100;2021;0.4006
Kyrgyzstan;"sptinc_p99p100_z_KG
Pre-tax national income 
Top 1% | share
";p99p100;2021;0.1558
Kyrgyzstan;"shweal_p99p100_z_KG
Net personal wealth
Top 1% | share | adults | equal split
";p99p100;2021;0.2363
Lao PDR;"sptinc_p99p100_z_LA
Pre-tax national income 
Top 1% | share
";p99p100;2021;0.1706
Lao PDR;"shweal_p99p100_z_LA
Net personal wealth
Top 1% | share | adults | equal split
";p99p100;2021;0.2642
Latin America;"sptinc_p99p100_z_XL
Pre-tax national income 
Top 1% | share
";p99p100;2021;0.2345
Latin America;"shweal_p99p100_z_XL
Net personal wealth
Top 1% | share | adults | equal split
";p99p100;2021;0.4524
Latin America (at market exchange rate);"sptinc_p99p100_z_XL-MER
Pre-tax national income 
Top 1% | share
";p99p100;2021;0.2325
Latin America (at market exchange rate);"shweal_p99p100_z_XL-MER
Net personal wealth
Top 1% | share | adults | equal split
";p99p100;2021;0.4481
Latvia;"sptinc_p99p100_z_LV
Pre-tax national income 
Top 1% | share
";p99p100;2021;0.0864
Latvia;"shweal_p99p100_z_LV
Net personal wealth
Top 1% | share | adults | equal split
";p99p100;2021;0.2854
Lebanon;"sptinc_p99p100_z_LB
Pre-tax national income 
Top 1% | share
";p99p100;2021;0.2053
Lebanon;"shweal_p99p100_z_LB
Net personal wealth
Top 1% | share | adults | equal split
";p99p100;2021;0.4823
Lesotho;"sptinc_p99p100_z_LS
Pre-tax national income 
Top 1% | share
";p99p100;2021;0.1446
Lesotho;"shweal_p99p100_z_LS
Net personal wealth
Top 1% | share | adults | equal split
";p99p100;2021;0.3036
Liberia;"sptinc_p99p100_z_LR
Pre-tax national income 
Top 1% | share
";p99p100;2021;0.122
Liberia;"shweal_p99p100_z_LR
Net personal wealth
Top 1% | share | adults | equal split
";p99p100;2021;0.2484
Libya;"sptinc_p99p100_z_LY
Pre-tax national income 
Top 1% | share
";p99p100;2021;0.1346
Libya;"shweal_p99p100_z_LY
Net personal wealth
Top 1% | share | adults | equal split
";p99p100;2021;0.2511
Lithuania;"sptinc_p99p100_z_LT
Pre-tax national income 
Top 1% | share
";p99p100;2021;0.125
Lithuania;"shweal_p99p100_z_LT
Net personal wealth
Top 1% | share | adults | equal split
";p99p100;2021;0.2361
Luxembourg;"sptinc_p99p100_z_LU
Pre-tax national income 
Top 1% | share
";p99p100;2021;0.1214
Luxembourg;"shweal_p99p100_z_LU
Net personal wealth
Top 1% | share | adults | equal split
";p99p100;2021;0.2878
MENA;"sptinc_p99p100_z_XN
Pre-tax national income 
Top 1% | share
";p99p100;2021;0.2177
MENA;"shweal_p99p100_z_XN
Net personal wealth
Top 1% | share | adults | equal split
";p99p100;2021;0.4295
MENA (at market exchange rate);"sptinc_p99p100_z_XN-MER
Pre-tax national income 
Top 1% | share
";p99p100;2021;0.2409
MENA (at market exchange rate);"shweal_p99p100_z_XN-MER
Net personal wealth
Top 1% | share | adults | equal split
";p99p100;2021;0.4641
Macao;"sptinc_p99p100_z_MO
Pre-tax national income 
Top 1% | share
";p99p100;2021;0.0821
Macao;"shweal_p99p100_z_MO
Net personal wealth
Top 1% | share | adults | equal split
";p99p100;2021;0.2808
Madagascar;"sptinc_p99p100_z_MG
Pre-tax national income 
Top 1% | share
";p99p100;2021;0.1517
Madagascar;"shweal_p99p100_z_MG
Net personal wealth
Top 1% | share | adults | equal split
";p99p100;2021;0.3232
Malawi;"sptinc_p99p100_z_MW
Pre-tax national income 
Top 1% | share
";p99p100;2021;0.1502
Malawi;"shweal_p99p100_z_MW
Net personal wealth
Top 1% | share | adults | equal split
";p99p100;2021;0.4321
Malaysia;"sptinc_p99p100_z_MY
Pre-tax national income 
Top 1% | share
";p99p100;2021;0.2013
Malaysia;"shweal_p99p100_z_MY
Net personal wealth
Top 1% | share | adults | equal split
";p99p100;2021;0.2941
Maldives;"sptinc_p99p100_z_MV
Pre-tax national income 
Top 1% | share
";p99p100;2021;0.3561
Maldives;"shweal_p99p100_z_MV
Net personal wealth
Top 1% | share | adults | equal split
";p99p100;2021;0.2639
Mali;"sptinc_p99p100_z_ML
Pre-tax national income 
Top 1% | share
";p99p100;2021;0.1183
Mali;"shweal_p99p100_z_ML
Net personal wealth
Top 1% | share | adults | equal split
";p99p100;2021;0.2408
Malta;"sptinc_p99p100_z_MT
Pre-tax national income 
Top 1% | share
";p99p100;2021;0.1065
Malta;"shweal_p99p100_z_MT
Net personal wealth
Top 1% | share | adults | equal split
";p99p100;2021;0.2128
Mauritania;"sptinc_p99p100_z_MR
Pre-tax national income 
Top 1% | share
";p99p100;2021;0.1075
Mauritania;"shweal_p99p100_z_MR
Net personal wealth
Top 1% | share | adults | equal split
";p99p100;2021;0.2394
Mauritius;"sptinc_p99p100_z_MU
Pre-tax national income 
Top 1% | share
";p99p100;2021;0.1589
Mauritius;"shweal_p99p100_z_MU
Net personal wealth
Top 1% | share | adults | equal split
";p99p100;2021;0.2686
Mexico;"sptinc_p99p100_z_MX
Pre-tax national income 
Top 1% | share
";p99p100;2021;0.2681
Mexico;"shweal_p99p100_z_MX
Net personal wealth
Top 1% | share | adults | equal split
";p99p100;2021;0.4709
Middle Africa;"sptinc_p99p100_z_QN
Pre-tax national income 
Top 1% | share
";p99p100;2021;0.2465
Middle Africa;"shweal_p99p100_z_QN
Net personal wealth
Top 1% | share | adults | equal split
";p99p100;2021;0.4106
Middle Africa (at market exchange rate);"sptinc_p99p100_z_QN-MER
Pre-tax national income 
Top 1% | share
";p99p100;2021;0.2299
Middle Africa (at market exchange rate);"shweal_p99p100_z_QN-MER
Net personal wealth
Top 1% | share | adults | equal split
";p99p100;2021;0.401
Middle East;"sptinc_p99p100_z_XM
Pre-tax national income 
Top 1% | share
";p99p100;2021;0.2211
Middle East;"shweal_p99p100_z_XM
Net personal wealth
Top 1% | share | adults | equal split
";p99p100;2021;0.45
Middle East (at market exchange rate);"sptinc_p99p100_z_XM-MER
Pre-tax national income 
Top 1% | share
";p99p100;2021;0.2276
Middle East (at market exchange rate);"shweal_p99p100_z_XM-MER
Net personal wealth
Top 1% | share | adults | equal split
";p99p100;2021;0.4633
Moldova;"sptinc_p99p100_z_MD
Pre-tax national income 
Top 1% | share
";p99p100;2021;0.113
Moldova;"shweal_p99p100_z_MD
Net personal wealth
Top 1% | share | adults | equal split
";p99p100;2021;0.2255
Mongolia;"sptinc_p99p100_z_MN
Pre-tax national income 
Top 1% | share
";p99p100;2021;0.1484
Mongolia;"shweal_p99p100_z_MN
Net personal wealth
Top 1% | share | adults | equal split
";p99p100;2021;0.2427
Montenegro;"sptinc_p99p100_z_ME
Pre-tax national income 
Top 1% | share
";p99p100;2021;0.086
Montenegro;"shweal_p99p100_z_ME
Net personal wealth
Top 1% | share | adults | equal split
";p99p100;2021;0.2313
Morocco;"sptinc_p99p100_z_MA
Pre-tax national income 
Top 1% | share
";p99p100;2021;0.1514
Morocco;"shweal_p99p100_z_MA
Net personal wealth
Top 1% | share | adults | equal split
";p99p100;2021;0.3074
Mozambique;"sptinc_p99p100_z_MZ
Pre-tax national income 
Top 1% | share
";p99p100;2021;0.3111
Mozambique;"shweal_p99p100_z_MZ
Net personal wealth
Top 1% | share | adults | equal split
";p99p100;2021;0.4744
Myanmar;"sptinc_p99p100_z_MM
Pre-tax national income 
Top 1% | share
";p99p100;2021;0.2649
Myanmar;"shweal_p99p100_z_MM
Net personal wealth
Top 1% | share | adults | equal split
";p99p100;2021;0.3442
Namibia;"sptinc_p99p100_z_NA
Pre-tax national income 
Top 1% | share
";p99p100;2021;0.2157
Namibia;"shweal_p99p100_z_NA
Net personal wealth
Top 1% | share | adults | equal split
";p99p100;2021;0.4738
Nepal;"sptinc_p99p100_z_NP
Pre-tax national income 
Top 1% | share
";p99p100;2021;0.0969
Nepal;"shweal_p99p100_z_NP
Net personal wealth
Top 1% | share | adults | equal split
";p99p100;2021;0.252
Netherlands;"sptinc_p99p100_z_NL
Pre-tax national income 
Top 1% | share
";p99p100;2021;0.0688
Netherlands;"shweal_p99p100_z_NL
Net personal wealth
Top 1% | share | adults | equal split
";p99p100;2021;0.1644
New Zealand;"sptinc_p99p100_z_NZ
Pre-tax national income 
Top 1% | share
";p99p100;2021;0.1187
New Zealand;"shweal_p99p100_z_NZ
Net personal wealth
Top 1% | share | adults | equal split
";p99p100;2021;0.2282
Nicaragua;"sptinc_p99p100_z_NI
Pre-tax national income 
Top 1% | share
";p99p100;2021;0.1962
Nicaragua;"shweal_p99p100_z_NI
Net personal wealth
Top 1% | share | adults | equal split
";p99p100;2021;0.2813
Niger;"sptinc_p99p100_z_NE
Pre-tax national income 
Top 1% | share
";p99p100;2021;0.1657
Niger;"shweal_p99p100_z_NE
Net personal wealth
Top 1% | share | adults | equal split
";p99p100;2021;0.2487
Nigeria;"sptinc_p99p100_z_NG
Pre-tax national income 
Top 1% | share
";p99p100;2021;0.1159
Nigeria;"shweal_p99p100_z_NG
Net personal wealth
Top 1% | share | adults | equal split
";p99p100;2021;0.255
North Africa;"sptinc_p99p100_z_QO
Pre-tax national income 
Top 1% | share
";p99p100;2021;0.1655
North Africa;"shweal_p99p100_z_QO
Net personal wealth
Top 1% | share | adults | equal split
";p99p100;2021;0.3074
North Africa (at market exchange rate);"sptinc_p99p100_z_QO-MER
Pre-tax national income 
Top 1% | share
";p99p100;2021;0.1638
North Africa (at market exchange rate);"shweal_p99p100_z_QO-MER
Net personal wealth
Top 1% | share | adults | equal split
";p99p100;2021;0.3133
North America;"sptinc_p99p100_z_QP
Pre-tax national income 
Top 1% | share
";p99p100;2021;0.1901
North America;"shweal_p99p100_z_QP
Net personal wealth
Top 1% | share | adults | equal split
";p99p100;2021;0.3446
North America & Oceania;"sptinc_p99p100_z_XB
Pre-tax national income 
Top 1% | share
";p99p100;2021;0.1876
North America & Oceania;"shweal_p99p100_z_XB
Net personal wealth
Top 1% | share | adults | equal split
";p99p100;2021;0.3401
North America & Oceania (at market exchange rate);"sptinc_p99p100_z_XB-MER
Pre-tax national income 
Top 1% | share
";p99p100;2021;0.1862
North America & Oceania (at market exchange rate);"shweal_p99p100_z_XB-MER
Net personal wealth
Top 1% | share | adults | equal split
";p99p100;2021;0.3397
North America (at market exchange rate);"sptinc_p99p100_z_QP-MER
Pre-tax national income 
Top 1% | share
";p99p100;2021;0.1905
North America (at market exchange rate);"shweal_p99p100_z_QP-MER
Net personal wealth
Top 1% | share | adults | equal split
";p99p100;2021;0.3448
North Korea;"sptinc_p99p100_z_KP
Pre-tax national income 
Top 1% | share
";p99p100;2021;0.1188
North Korea;"shweal_p99p100_z_KP
Net personal wealth
Top 1% | share | adults | equal split
";p99p100;2021;0.2454
North Macedonia;"sptinc_p99p100_z_MK
Pre-tax national income 
Top 1% | share
";p99p100;2021;0.0773
North Macedonia;"shweal_p99p100_z_MK
Net personal wealth
Top 1% | share | adults | equal split
";p99p100;2021;0.2212
Norway;"sptinc_p99p100_z_NO
Pre-tax national income 
Top 1% | share
";p99p100;2021;0.089
Norway;"shweal_p99p100_z_NO
Net personal wealth
Top 1% | share | adults | equal split
";p99p100;2021;0.227
Oceania;"sptinc_p99p100_z_QF
Pre-tax national income 
Top 1% | share
";p99p100;2021;0.1125
Oceania;"shweal_p99p100_z_QF
Net personal wealth
Top 1% | share | adults | equal split
";p99p100;2021;0.2547
Oceania (at market exchange rate);"sptinc_p99p100_z_QF-MER
Pre-tax national income 
Top 1% | share
";p99p100;2021;0.1124
Oceania (at market exchange rate);"shweal_p99p100_z_QF-MER
Net personal wealth
Top 1% | share | adults | equal split
";p99p100;2021;0.2613
Oman;"sptinc_p99p100_z_OM
Pre-tax national income 
Top 1% | share
";p99p100;2021;0.1907
Oman;"shweal_p99p100_z_OM
Net personal wealth
Top 1% | share | adults | equal split
";p99p100;2021;0.4206
Other East Asia;"sptinc_p99p100_z_OB
Pre-tax national income 
Top 1% | share
";p99p100;2021;0.1616
Other East Asia;"shweal_p99p100_z_OB
Net personal wealth
Top 1% | share | adults | equal split
";p99p100;2021;0.2632
Other East Asia (at market exchange rate);"sptinc_p99p100_z_OB-MER
Pre-tax national income 
Top 1% | share
";p99p100;2021;0.1585
Other East Asia (at market exchange rate);"shweal_p99p100_z_OB-MER
Net personal wealth
Top 1% | share | adults | equal split
";p99p100;2021;0.2806
Other Latin America;"sptinc_p99p100_z_OD
Pre-tax national income 
Top 1% | share
";p99p100;2021;0.205
Other Latin America;"shweal_p99p100_z_OD
Net personal wealth
Top 1% | share | adults | equal split
";p99p100;2021;0.3119
Other Latin America (at market exchange rate);"sptinc_p99p100_z_OD-MER
Pre-tax national income 
Top 1% | share
";p99p100;2021;0.2049
Other Latin America (at market exchange rate);"shweal_p99p100_z_OD-MER
Net personal wealth
Top 1% | share | adults | equal split
";p99p100;2021;0.3167
Other MENA;"sptinc_p99p100_z_OE
Pre-tax national income 
Top 1% | share
";p99p100;2021;0.2398
Other MENA;"shweal_p99p100_z_OE
Net personal wealth
Top 1% | share | adults | equal split
";p99p100;2021;0.4507
Other MENA (at market exchange rate);"sptinc_p99p100_z_OE-MER
Pre-tax national income 
Top 1% | share
";p99p100;2021;0.2366
Other MENA (at market exchange rate);"shweal_p99p100_z_OE-MER
Net personal wealth
Top 1% | share | adults | equal split
";p99p100;2021;0.4477
Other Russia & Central Asia;"sptinc_p99p100_z_OA
Pre-tax national income 
Top 1% | share
";p99p100;2021;0.1466
Other Russia & Central Asia;"shweal_p99p100_z_OA
Net personal wealth
Top 1% | share | adults | equal split
";p99p100;2021;0.2785
Other Russia & Central Asia (at market exchange rate);"sptinc_p99p100_z_OA-MER
Pre-tax national income 
Top 1% | share
";p99p100;2021;0.1599
Other Russia & Central Asia (at market exchange rate);"shweal_p99p100_z_OA-MER
Net personal wealth
Top 1% | share | adults | equal split
";p99p100;2021;0.2935
Other South & South-East Asia;"sptinc_p99p100_z_OI
Pre-tax national income 
Top 1% | share
";p99p100;2021;0.1894
Other South & South-East Asia;"shweal_p99p100_z_OI
Net personal wealth
Top 1% | share | adults | equal split
";p99p100;2021;0.3783
Other South & South-East Asia (at market exchange rate);"sptinc_p99p100_z_OI-MER
Pre-tax national income 
Top 1% | share
";p99p100;2021;0.2199
Other South & South-East Asia (at market exchange rate);"shweal_p99p100_z_OI-MER
Net personal wealth
Top 1% | share | adults | equal split
";p99p100;2021;0.4557
Other Sub-Saharan Africa;"sptinc_p99p100_z_OJ
Pre-tax national income 
Top 1% | share
";p99p100;2021;0.1756
Other Sub-Saharan Africa;"shweal_p99p100_z_OJ
Net personal wealth
Top 1% | share | adults | equal split
";p99p100;2021;0.3296
Other Sub-Saharan Africa (at market exchange rate);"sptinc_p99p100_z_OJ-MER
Pre-tax national income 
Top 1% | share
";p99p100;2021;0.4487
Other Sub-Saharan Africa (at market exchange rate);"shweal_p99p100_z_OJ-MER
Net personal wealth
Top 1% | share | adults | equal split
";p99p100;2021;0.4601
Other Western Europe;"sptinc_p99p100_z_OC
Pre-tax national income 
Top 1% | share
";p99p100;2021;0.0982
Other Western Europe;"shweal_p99p100_z_OC
Net personal wealth
Top 1% | share | adults | equal split
";p99p100;2021;0.2335
Other Western Europe (at market exchange rate);"sptinc_p99p100_z_OC-MER
Pre-tax national income 
Top 1% | share
";p99p100;2021;0.1031
Other Western Europe (at market exchange rate);"shweal_p99p100_z_OC-MER
Net personal wealth
Top 1% | share | adults | equal split
";p99p100;2021;0.248
Pakistan;"sptinc_p99p100_z_PK
Pre-tax national income 
Top 1% | share
";p99p100;2021;0.1573
Pakistan;"shweal_p99p100_z_PK
Net personal wealth
Top 1% | share | adults | equal split
";p99p100;2021;0.2609
Palestine;"sptinc_p99p100_z_PS
Pre-tax national income 
Top 1% | share
";p99p100;2021;0.1742
Palestine;"shweal_p99p100_z_PS
Net personal wealth
Top 1% | share | adults | equal split
";p99p100;2021;0.329
Panama;"sptinc_p99p100_z_PA
Pre-tax national income 
Top 1% | share
";p99p100;2021;0.1962
Panama;"shweal_p99p100_z_PA
Net personal wealth
Top 1% | share | adults | equal split
";p99p100;2021;0.2797
Papua New Guinea;"sptinc_p99p100_z_PG
Pre-tax national income 
Top 1% | share
";p99p100;2021;0.1806
Papua New Guinea;"shweal_p99p100_z_PG
Net personal wealth
Top 1% | share | adults | equal split
";p99p100;2021;0.24
Paraguay;"sptinc_p99p100_z_PY
Pre-tax national income 
Top 1% | share
";p99p100;2021;0.1962
Paraguay;"shweal_p99p100_z_PY
Net personal wealth
Top 1% | share | adults | equal split
";p99p100;2021;0.2798
Peru;"sptinc_p99p100_z_PE
Pre-tax national income 
Top 1% | share
";p99p100;2021;0.2812
Peru;"shweal_p99p100_z_PE
Net personal wealth
Top 1% | share | adults | equal split
";p99p100;2021;0.4467
Philippines;"sptinc_p99p100_z_PH
Pre-tax national income 
Top 1% | share
";p99p100;2021;0.1957
Philippines;"shweal_p99p100_z_PH
Net personal wealth
Top 1% | share | adults | equal split
";p99p100;2021;0.3224
Poland;"sptinc_p99p100_z_PL
Pre-tax national income 
Top 1% | share
";p99p100;2021;0.1516
Poland;"shweal_p99p100_z_PL
Net personal wealth
Top 1% | share | adults | equal split
";p99p100;2021;0.3022
Portugal;"sptinc_p99p100_z_PT
Pre-tax national income 
Top 1% | share
";p99p100;2021;0.0939
Portugal;"shweal_p99p100_z_PT
Net personal wealth
Top 1% | share | adults | equal split
";p99p100;2021;0.2576
Qatar;"sptinc_p99p100_z_QA
Pre-tax national income 
Top 1% | share
";p99p100;2021;0.2244
Qatar;"shweal_p99p100_z_QA
Net personal wealth
Top 1% | share | adults | equal split
";p99p100;2021;0.391
Romania;"sptinc_p99p100_z_RO
Pre-tax national income 
Top 1% | share
";p99p100;2021;0.1446
Romania;"shweal_p99p100_z_RO
Net personal wealth
Top 1% | share | adults | equal split
";p99p100;2021;0.2412
Russia & Central Asia;"sptinc_p99p100_z_XR
Pre-tax national income 
Top 1% | share
";p99p100;2021;0.2219
Russia & Central Asia;"shweal_p99p100_z_XR
Net personal wealth
Top 1% | share | adults | equal split
";p99p100;2021;0.4452
Russia & Central Asia (at market exchange rate);"sptinc_p99p100_z_XR-MER
Pre-tax national income 
Top 1% | share
";p99p100;2021;0.2305
Russia & Central Asia (at market exchange rate);"shweal_p99p100_z_XR-MER
Net personal wealth
Top 1% | share | adults | equal split
";p99p100;2021;0.4692
Russian Federation;"sptinc_p99p100_z_RU
Pre-tax national income 
Top 1% | share
";p99p100;2021;0.2376
Russian Federation;"shweal_p99p100_z_RU
Net personal wealth
Top 1% | share | adults | equal split
";p99p100;2021;0.4764
Rwanda;"sptinc_p99p100_z_RW
Pre-tax national income 
Top 1% | share
";p99p100;2021;0.1989
Rwanda;"shweal_p99p100_z_RW
Net personal wealth
Top 1% | share | adults | equal split
";p99p100;2021;0.3959
Sao Tome and Principe;"sptinc_p99p100_z_ST
Pre-tax national income 
Top 1% | share
";p99p100;2021;0.0895
Sao Tome and Principe;"shweal_p99p100_z_ST
Net personal wealth
Top 1% | share | adults | equal split
";p99p100;2021;0.4788
Saudi Arabia;"sptinc_p99p100_z_SA
Pre-tax national income 
Top 1% | share
";p99p100;2021;0.2098
Saudi Arabia;"shweal_p99p100_z_SA
Net personal wealth
Top 1% | share | adults | equal split
";p99p100;2021;0.397
Senegal;"sptinc_p99p100_z_SN
Pre-tax national income 
Top 1% | share
";p99p100;2021;0.1433
Senegal;"shweal_p99p100_z_SN
Net personal wealth
Top 1% | share | adults | equal split
";p99p100;2021;0.2714
Serbia;"sptinc_p99p100_z_RS
Pre-tax national income 
Top 1% | share
";p99p100;2021;0.1554
Serbia;"shweal_p99p100_z_RS
Net personal wealth
Top 1% | share | adults | equal split
";p99p100;2021;0.2298
Seychelles;"sptinc_p99p100_z_SC
Pre-tax national income 
Top 1% | share
";p99p100;2021;0.2056
Seychelles;"shweal_p99p100_z_SC
Net personal wealth
Top 1% | share | adults | equal split
";p99p100;2021;0.3555
Sierra Leone;"sptinc_p99p100_z_SL
Pre-tax national income 
Top 1% | share
";p99p100;2021;0.1502
Sierra Leone;"shweal_p99p100_z_SL
Net personal wealth
Top 1% | share | adults | equal split
";p99p100;2021;0.2664
Singapore;"sptinc_p99p100_z_SG
Pre-tax national income 
Top 1% | share
";p99p100;2021;0.1027
Singapore;"shweal_p99p100_z_SG
Net personal wealth
Top 1% | share | adults | equal split
";p99p100;2021;0.3147
Slovakia;"sptinc_p99p100_z_SK
Pre-tax national income 
Top 1% | share
";p99p100;2021;0.0721
Slovakia;"shweal_p99p100_z_SK
Net personal wealth
Top 1% | share | adults | equal split
";p99p100;2021;0.1756
Slovenia;"sptinc_p99p100_z_SI
Pre-tax national income 
Top 1% | share
";p99p100;2021;0.0835
Slovenia;"shweal_p99p100_z_SI
Net personal wealth
Top 1% | share | adults | equal split
";p99p100;2021;0.2321
Somalia;"sptinc_p99p100_z_SO
Pre-tax national income 
Top 1% | share
";p99p100;2021;0.1244
Somalia;"shweal_p99p100_z_SO
Net personal wealth
Top 1% | share | adults | equal split
";p99p100;2021;0.31
South & South-East Asia;"sptinc_p99p100_z_XS
Pre-tax national income 
Top 1% | share
";p99p100;2021;0.204
South & South-East Asia;"shweal_p99p100_z_XS
Net personal wealth
Top 1% | share | adults | equal split
";p99p100;2021;0.3425
South & South-East Asia (at market exchange rate);"sptinc_p99p100_z_XS-MER
Pre-tax national income 
Top 1% | share
";p99p100;2021;0.2171
South & South-East Asia (at market exchange rate);"shweal_p99p100_z_XS-MER
Net personal wealth
Top 1% | share | adults | equal split
";p99p100;2021;0.3606
South Africa;"sptinc_p99p100_z_QT
Pre-tax national income 
Top 1% | share
";p99p100;2021;0.1929
South Africa;"shweal_p99p100_z_QT
Net personal wealth
Top 1% | share | adults | equal split
";p99p100;2021;0.5433
South Africa;"sptinc_p99p100_z_ZA
Pre-tax national income 
Top 1% | share
";p99p100;2021;0.1931
South Africa;"shweal_p99p100_z_ZA
Net personal wealth
Top 1% | share | adults | equal split
";p99p100;2021;0.5492
South Africa (at market exchange rate);"sptinc_p99p100_z_QT-MER
Pre-tax national income 
Top 1% | share
";p99p100;2021;0.193
South Africa (at market exchange rate);"shweal_p99p100_z_QT-MER
Net personal wealth
Top 1% | share | adults | equal split
";p99p100;2021;0.5425
South Asia;"sptinc_p99p100_z_QU
Pre-tax national income 
Top 1% | share
";p99p100;2021;0.2095
South Asia;"shweal_p99p100_z_QU
Net personal wealth
Top 1% | share | adults | equal split
";p99p100;2021;0.337
South Asia (at market exchange rate);"sptinc_p99p100_z_QU-MER
Pre-tax national income 
Top 1% | share
";p99p100;2021;0.2413
South Asia (at market exchange rate);"shweal_p99p100_z_QU-MER
Net personal wealth
Top 1% | share | adults | equal split
";p99p100;2021;0.3262
South Sudan;"sptinc_p99p100_z_SS
Pre-tax national income 
Top 1% | share
";p99p100;2021;0.1553
South Sudan;"shweal_p99p100_z_SS
Net personal wealth
Top 1% | share | adults | equal split
";p99p100;2021;0.2998
South-East Asia;"sptinc_p99p100_z_QS
Pre-tax national income 
Top 1% | share
";p99p100;2021;0.1814
South-East Asia;"shweal_p99p100_z_QS
Net personal wealth
Top 1% | share | adults | equal split
";p99p100;2021;0.3915
South-East Asia (at market exchange rate);"sptinc_p99p100_z_QS-MER
Pre-tax national income 
Top 1% | share
";p99p100;2021;0.2018
South-East Asia (at market exchange rate);"shweal_p99p100_z_QS-MER
Net personal wealth
Top 1% | share | adults | equal split
";p99p100;2021;0.4682
Spain;"sptinc_p99p100_z_ES
Pre-tax national income 
Top 1% | share
";p99p100;2021;0.1144
Spain;"shweal_p99p100_z_ES
Net personal wealth
Top 1% | share | adults | equal split
";p99p100;2021;0.2427
Sri Lanka;"sptinc_p99p100_z_LK
Pre-tax national income 
Top 1% | share
";p99p100;2021;0.1477
Sri Lanka;"shweal_p99p100_z_LK
Net personal wealth
Top 1% | share | adults | equal split
";p99p100;2021;0.3106
Sub-Saharan Africa;"sptinc_p99p100_z_XF
Pre-tax national income 
Top 1% | share
";p99p100;2021;0.2043
Sub-Saharan Africa;"shweal_p99p100_z_XF
Net personal wealth
Top 1% | share | adults | equal split
";p99p100;2021;0.3797
Sub-Saharan Africa (at market exchange rate);"sptinc_p99p100_z_XF-MER
Pre-tax national income 
Top 1% | share
";p99p100;2021;0.4238
Sub-Saharan Africa (at market exchange rate);"shweal_p99p100_z_XF-MER
Net personal wealth
Top 1% | share | adults | equal split
";p99p100;2021;0.4802
Sudan;"sptinc_p99p100_z_SD
Pre-tax national income 
Top 1% | share
";p99p100;2021;0.1536
Sudan;"shweal_p99p100_z_SD
Net personal wealth
Top 1% | share | adults | equal split
";p99p100;2021;0.2549
Suriname;"sptinc_p99p100_z_SR
Pre-tax national income 
Top 1% | share
";p99p100;2021;0.1962
Suriname;"shweal_p99p100_z_SR
Net personal wealth
Top 1% | share | adults | equal split
";p99p100;2021;0.28
Swaziland;"sptinc_p99p100_z_SZ
Pre-tax national income 
Top 1% | share
";p99p100;2021;0.1933
Swaziland;"shweal_p99p100_z_SZ
Net personal wealth
Top 1% | share | adults | equal split
";p99p100;2021;0.4982
Sweden;"sptinc_p99p100_z_SE
Pre-tax national income 
Top 1% | share
";p99p100;2021;0.117
Sweden;"shweal_p99p100_z_SE
Net personal wealth
Top 1% | share | adults | equal split
";p99p100;2021;0.2765
Switzerland;"sptinc_p99p100_z_CH
Pre-tax national income 
Top 1% | share
";p99p100;2021;0.0986
Switzerland;"shweal_p99p100_z_CH
Net personal wealth
Top 1% | share | adults | equal split
";p99p100;2021;0.3116
Syrian Arab Republic;"sptinc_p99p100_z_SY
Pre-tax national income 
Top 1% | share
";p99p100;2021;0.2066
Syrian Arab Republic;"shweal_p99p100_z_SY
Net personal wealth
Top 1% | share | adults | equal split
";p99p100;2021;0.2907
Taiwan;"sptinc_p99p100_z_TW
Pre-tax national income 
Top 1% | share
";p99p100;2021;0.1933
Taiwan;"shweal_p99p100_z_TW
Net personal wealth
Top 1% | share | adults | equal split
";p99p100;2021;0.245
Tajikistan;"sptinc_p99p100_z_TJ
Pre-tax national income 
Top 1% | share
";p99p100;2021;0.1206
Tajikistan;"shweal_p99p100_z_TJ
Net personal wealth
Top 1% | share | adults | equal split
";p99p100;2021;0.2418
Tanzania;"sptinc_p99p100_z_TZ
Pre-tax national income 
Top 1% | share
";p99p100;2021;0.1815
Tanzania;"shweal_p99p100_z_TZ
Net personal wealth
Top 1% | share | adults | equal split
";p99p100;2021;0.3404
Thailand;"sptinc_p99p100_z_TH
Pre-tax national income 
Top 1% | share
";p99p100;2021;0.2299
Thailand;"shweal_p99p100_z_TH
Net personal wealth
Top 1% | share | adults | equal split
";p99p100;2021;0.4368
Timor-Leste;"sptinc_p99p100_z_TL
Pre-tax national income 
Top 1% | share
";p99p100;2021;0.1759
Timor-Leste;"shweal_p99p100_z_TL
Net personal wealth
Top 1% | share | adults | equal split
";p99p100;2021;0.2393
Togo;"sptinc_p99p100_z_TG
Pre-tax national income 
Top 1% | share
";p99p100;2021;0.1484
Togo;"shweal_p99p100_z_TG
Net personal wealth
Top 1% | share | adults | equal split
";p99p100;2021;0.2742
Trinidad and Tobago;"sptinc_p99p100_z_TT
Pre-tax national income 
Top 1% | share
";p99p100;2021;0.1962
Trinidad and Tobago;"shweal_p99p100_z_TT
Net personal wealth
Top 1% | share | adults | equal split
";p99p100;2021;0.2815
Tunisia;"sptinc_p99p100_z_TN
Pre-tax national income 
Top 1% | share
";p99p100;2021;0.1091
Tunisia;"shweal_p99p100_z_TN
Net personal wealth
Top 1% | share | adults | equal split
";p99p100;2021;0.2414
Turkey;"sptinc_p99p100_z_TR
Pre-tax national income 
Top 1% | share
";p99p100;2021;0.1878
Turkey;"shweal_p99p100_z_TR
Net personal wealth
Top 1% | share | adults | equal split
";p99p100;2021;0.3712
Turkmenistan;"sptinc_p99p100_z_TM
Pre-tax national income 
Top 1% | share
";p99p100;2021;0.184
Turkmenistan;"shweal_p99p100_z_TM
Net personal wealth
Top 1% | share | adults | equal split
";p99p100;2021;0.2884
USA;"sptinc_p99p100_z_US
Pre-tax national income 
Top 1% | share
";p99p100;2021;0.1903
USA;"shweal_p99p100_z_US
Net personal wealth
Top 1% | share | adults | equal split
";p99p100;2021;
Uganda;"sptinc_p99p100_z_UG
Pre-tax national income 
Top 1% | share
";p99p100;2021;0.1929
Uganda;"shweal_p99p100_z_UG
Net personal wealth
Top 1% | share | adults | equal split
";p99p100;2021;0.3539
Ukraine;"sptinc_p99p100_z_UA
Pre-tax national income 
Top 1% | share
";p99p100;2021;0.136
Ukraine;"shweal_p99p100_z_UA
Net personal wealth
Top 1% | share | adults | equal split
";p99p100;2021;0.2846
United Arab Emirates;"sptinc_p99p100_z_AE
Pre-tax national income 
Top 1% | share
";p99p100;2021;0.1531
United Arab Emirates;"shweal_p99p100_z_AE
Net personal wealth
Top 1% | share | adults | equal split
";p99p100;2021;0.4354
United Kingdom;"sptinc_p99p100_z_GB
Pre-tax national income 
Top 1% | share
";p99p100;2021;0.1274
United Kingdom;"shweal_p99p100_z_GB
Net personal wealth
Top 1% | share | adults | equal split
";p99p100;2021;0.213
Uruguay;"sptinc_p99p100_z_UY
Pre-tax national income 
Top 1% | share
";p99p100;2021;0.1339
Uruguay;"shweal_p99p100_z_UY
Net personal wealth
Top 1% | share | adults | equal split
";p99p100;2021;0.2434
Uzbekistan;"sptinc_p99p100_z_UZ
Pre-tax national income 
Top 1% | share
";p99p100;2021;0.1744
Uzbekistan;"shweal_p99p100_z_UZ
Net personal wealth
Top 1% | share | adults | equal split
";p99p100;2021;0.2605
Venezuela;"sptinc_p99p100_z_VE
Pre-tax national income 
Top 1% | share
";p99p100;2021;0.1895
Venezuela;"shweal_p99p100_z_VE
Net personal wealth
Top 1% | share | adults | equal split
";p99p100;2021;
Viet Nam;"sptinc_p99p100_z_VN
Pre-tax national income 
Top 1% | share
";p99p100;2021;0.1642
Viet Nam;"shweal_p99p100_z_VN
Net personal wealth
Top 1% | share | adults | equal split
";p99p100;2021;0.266
West Africa;"sptinc_p99p100_z_QV
Pre-tax national income 
Top 1% | share
";p99p100;2021;0.135
West Africa;"shweal_p99p100_z_QV
Net personal wealth
Top 1% | share | adults | equal split
";p99p100;2021;0.2803
West Africa (at market exchange rate);"sptinc_p99p100_z_QV-MER
Pre-tax national income 
Top 1% | share
";p99p100;2021;0.1361
West Africa (at market exchange rate);"shweal_p99p100_z_QV-MER
Net personal wealth
Top 1% | share | adults | equal split
";p99p100;2021;0.2807
West Asia;"sptinc_p99p100_z_QW
Pre-tax national income 
Top 1% | share
";p99p100;2021;0.2361
West Asia;"shweal_p99p100_z_QW
Net personal wealth
Top 1% | share | adults | equal split
";p99p100;2021;0.4696
West Asia (at market exchange rate);"sptinc_p99p100_z_QW-MER
Pre-tax national income 
Top 1% | share
";p99p100;2021;0.2476
West Asia (at market exchange rate);"shweal_p99p100_z_QW-MER
Net personal wealth
Top 1% | share | adults | equal split
";p99p100;2021;0.49
Western Europe;"sptinc_p99p100_z_QX
Pre-tax national income 
Top 1% | share
";p99p100;2021;0.1149
Western Europe;"shweal_p99p100_z_QX
Net personal wealth
Top 1% | share | adults | equal split
";p99p100;2021;0.2493
Western Europe (at market exchange rate);"sptinc_p99p100_z_QX-MER
Pre-tax national income 
Top 1% | share
";p99p100;2021;0.117
Western Europe (at market exchange rate);"shweal_p99p100_z_QX-MER
Net personal wealth
Top 1% | share | adults | equal split
";p99p100;2021;0.2521
World;"sptinc_p99p100_z_WO
Pre-tax national income 
Top 1% | share
";p99p100;2021;0.1954
World;"shweal_p99p100_z_WO
Net personal wealth
Top 1% | share | adults | equal split
";p99p100;2021;0.396
World (at market exchange rate);"sptinc_p99p100_z_WO-MER
Pre-tax national income 
Top 1% | share
";p99p100;2021;0.2316
World (at market exchange rate);"shweal_p99p100_z_WO-MER
Net personal wealth
Top 1% | share | adults | equal split
";p99p100;2021;0.4447
Yemen;"sptinc_p99p100_z_YE
Pre-tax national income 
Top 1% | share
";p99p100;2021;0.242
Yemen;"shweal_p99p100_z_YE
Net personal wealth
Top 1% | share | adults | equal split
";p99p100;2021;0.2962
Zambia;"sptinc_p99p100_z_ZM
Pre-tax national income 
Top 1% | share
";p99p100;2021;0.2317
Zambia;"shweal_p99p100_z_ZM
Net personal wealth
Top 1% | share | adults | equal split
";p99p100;2021;0.4681
Zimbabwe;"sptinc_p99p100_z_ZW
Pre-tax national income 
Top 1% | share
";p99p100;2021;0.2108
Zimbabwe;"shweal_p99p100_z_ZW
Net personal wealth
Top 1% | share | adults | equal split
";p99p100;2021;0.372
